"GRAPH","Parameters","Size","Build time","Avg degree","Max degree"
"Vamana","R = 64, L = 100",1000000,0,45.2011,64

"Num queries","Target recall","Actual recall","QPS","Average Cmps","Tail Cmps","Average Visited","Tail Visited","k","Q"
10000,0.5,0.52901,236922,416,478,10,10,10,10
10000,0.6,0.62383,208616,479,566,11,11,10,11
10000,0.7,0.74601,161436,593,741,13,13,10,13
10000,0.75,0.77773,144659,630,792,14,14,10,14
10000,0.8,0.80342,144306,667,842,15,15,10,15
10000,0.85,0.88311,111469,815,1307,19,27,10,12
10000,0.9,0.90065,101428,879,1388,20,29,10,14
10000,0.93,0.93092,82942.8,1027,1583,25,34,10,18
10000,0.95,0.95248,72308.1,1205,1805,31,39,10,24
10000,0.97,0.97032,57048.3,1459,2122,39,47,10,32
10000,0.98,0.98037,48091.9,1702,2462,47,56,10,40
10000,0.99,0.99142,30885.6,2283,3310,68,77,10,60
10000,0.995,0.9953,28099.2,2811,4071,89,98,10,80
10000,0.999,0.99921,14404.6,5155,7688,194,207,10,180
10000,0.9995,0.99955,12146.2,6093,9185,242,257,10,225
10000,0.9999,0.9999,6242.9,11040,17097,532,561,10,500


